date,active_cal,active_goal,exercise_min,exercise_goal,stand_hrs,stand_goal
2023-05-12,145,130,0,0,0,0
2023-05-13,125,130,0,0,0,0
2023-05-14,113,130,0,0,0,0
2023-05-15,101,130,0,0,0,0
2023-05-16,139,130,0,0,0,0
2023-05-17,212,130,0,0,0,0
2023-05-18,115,130,0,0,0,0
2023-05-19,129,130,0,0,0,0
2023-05-20,171,130,0,0,0,0
2023-05-21,252,130,0,0,0,0
2023-05-22,102,130,0,0,0,0
2023-05-23,86,130,0,0,0,0
2023-05-24,57,130,0,0,0,0
2023-05-25,301,130,0,0,0,0
2023-05-26,67,130,0,0,0,0
2023-05-27,126,130,0,0,0,0
2023-05-28,589,130,0,0,0,0
2023-05-29,194,130,0,0,0,0
2023-05-30,948,130,0,0,0,0
2023-05-31,160,130,0,0,0,0
2023-06-01,130,130,0,0,0,0
2023-06-02,87,130,0,0,0,0
2023-06-03,191,130,0,0,0,0
2023-06-04,147,130,0,0,0,0
2023-06-05,81,130,0,0,0,0
2023-06-06,31,130,0,0,0,0
2023-06-07,222,130,0,0,0,0
2023-06-08,122,130,0,0,0,0
2023-06-09,136,130,0,0,0,0
2023-06-10,113,130,0,0,0,0
2023-06-11,286,130,0,0,0,0
2023-06-12,193,130,0,0,0,0
2023-06-13,176,130,0,0,0,0
2023-06-14,39,130,0,0,0,0
2023-06-15,149,130,0,0,0,0
2023-06-16,102,130,0,0,0,0
2023-06-17,152,130,0,0,0,0
2023-06-18,247,130,0,0,0,0
2023-06-19,207,500,0,50,2,6
2023-06-20,662,500,49,50,13,6
2023-06-21,869,500,99,50,10,6
2023-06-22,827,500,99,50,16,6
2023-06-23,936,500,76,50,13,6
2023-06-24,683,500,65,50,17,6
2023-06-25,1002,500,66,50,15,6
2023-06-26,703,500,69,50,14,6
2023-06-27,860,500,70,50,11,6
2023-06-28,954,500,94,50,15,6
2023-06-29,802,500,62,50,10,6
2023-06-30,850,500,74,50,7,6
2023-07-01,661,500,55,50,10,6
2023-07-02,896,500,86,50,17,6
2023-07-03,719,500,70,50,9,6
2023-07-04,880,500,103,50,12,6
2023-07-05,847,500,78,50,13,6
2023-07-06,944,500,98,50,14,6
2023-07-07,907,500,77,50,16,6
2023-07-08,700,500,22,50,17,6
2023-07-09,138,500,9,50,5,6
2023-07-10,770,500,73,50,14,6
2023-07-11,895,500,105,50,13,6
2023-07-12,758,500,88,50,14,6
2023-07-13,1007,500,78,50,12,6
2023-07-14,956,500,84,50,15,6
2023-07-15,459,500,14,50,14,6
2023-07-16,1303,500,134,50,14,6
2023-07-17,616,500,56,50,15,6
2023-07-18,565,500,64,50,12,6
2023-07-19,760,500,78,50,14,6
2023-07-20,1078,500,80,50,9,6
2023-07-21,1073,500,151,50,16,6
2023-07-22,552,500,34,50,14,6
2023-07-23,316,500,26,50,8,6
2023-07-24,606,500,62,50,15,6
2023-07-25,733,500,85,50,15,6
2023-07-26,693,500,81,50,11,6
2023-07-27,1268,500,98,50,12,6
2023-07-28,623,500,62,50,13,6
2023-07-29,1098,500,101,50,18,6
2023-07-30,616,500,66,50,12,6
2023-07-31,1026,500,71,50,12,6
2023-08-01,744,500,73,50,12,6
2023-08-02,562,500,71,50,12,6
2023-08-03,722,500,73,50,11,6
2023-08-04,1189,500,89,50,15,6
2023-08-05,477,500,21,50,14,6
2023-08-06,670,500,45,50,17,6
2023-08-07,608,500,48,50,16,6
2023-08-08,493,500,28,50,15,6
2023-08-09,170,500,9,50,5,6
2023-08-10,1136,500,94,50,13,6
2023-08-11,849,500,87,50,17,6
2023-08-12,566,500,28,50,17,6
2023-08-13,776,500,70,50,14,6
2023-08-14,714,500,92,50,11,6
2023-08-15,1143,500,88,50,11,6
2023-08-16,761,500,91,50,14,6
2023-08-17,730,500,79,50,14,6
2023-08-18,1145,500,81,50,14,6
2023-08-19,443,500,13,50,15,6
2023-08-20,619,500,57,50,13,6
2023-08-21,621,500,71,50,13,6
2023-08-22,1168,500,101,50,14,6
2023-08-23,909,500,113,50,14,6
2023-08-24,647,500,91,50,9,6
2023-08-25,986,500,91,50,14,6
2023-08-26,472,500,15,50,14,6
2023-08-27,667,500,69,50,13,6
2023-08-28,1145,500,91,50,14,6
2023-08-29,924,500,108,50,9,6
2023-08-30,639,500,67,50,11,6
2023-08-31,605,500,66,50,14,6
2023-09-01,1372,500,127,50,13,6
2023-09-02,596,500,26,50,15,6
2023-09-03,761,500,83,50,13,6
2023-09-04,1221,500,79,50,15,6
2023-09-05,826,500,93,50,15,6
2023-09-06,675,500,69,50,10,6
2023-09-07,671,500,69,50,14,6
2023-09-08,1342,500,130,50,11,6
2023-09-09,477,500,26,50,14,6
2023-09-10,228,500,10,50,9,6
2023-09-11,572,500,61,50,14,6
2023-09-12,685,500,74,50,17,6
2023-09-13,262,500,14,50,11,6
2023-09-14,1113,500,83,50,12,6
2023-09-15,576,500,16,50,14,6
2023-09-16,656,500,16,50,16,6
2023-09-17,349,500,10,50,11,6
2023-09-18,1139,500,76,50,19,6
2023-09-19,336,500,19,50,13,6
2023-09-20,1212,500,126,50,14,6
2023-09-21,246,500,10,50,10,6
2023-09-22,1498,500,104,50,19,6
2023-09-23,460,500,17,50,16,6
2023-09-24,833,500,59,50,15,6
2023-09-25,680,500,49,50,15,6
2023-09-26,939,500,78,50,9,6
2023-09-27,643,500,70,50,17,6
2023-09-28,646,500,30,50,16,6
2023-09-29,1104,500,113,50,14,6
2023-09-30,776,500,50,50,15,6
2023-10-01,141,500,6,50,7,6
2023-10-02,466,500,20,50,15,6
2023-10-03,451,500,42,50,11,6
2023-10-04,475,500,27,50,13,6
2023-10-05,398,500,3,50,16,6
2023-10-06,418,500,8,50,14,6
2023-10-07,337,500,8,50,11,6
2023-10-08,440,500,23,50,16,6
2023-10-09,246,500,7,50,13,6
2023-10-10,236,500,4,50,13,6
2023-10-11,670,500,66,50,12,6
2023-10-12,614,500,53,50,11,6
2023-10-13,876,500,70,50,16,6
2023-10-14,682,500,52,50,13,6
2023-10-15,438,500,15,50,13,6
2023-10-16,645,500,55,50,15,6
2023-10-17,641,500,80,50,8,6
2023-10-18,622,500,67,50,16,6
2023-10-19,588,500,62,50,12,6
2023-10-20,1133,500,82,50,13,6
2023-10-21,171,500,9,50,5,6
2023-10-22,778,500,83,50,14,6
2023-10-23,617,500,61,50,11,6
2023-10-24,813,500,76,50,16,6
2023-10-25,843,500,90,50,14,6
2023-10-26,384,500,20,50,13,6
2023-10-27,511,500,36,50,11,6
2023-10-28,1179,500,105,50,13,6
2023-10-29,652,500,74,50,14,6
2023-10-30,298,500,12,50,11,6
2023-10-31,1,500,0,50,0,6
2023-11-02,0,500,0,50,0,6
2023-11-03,274,500,8,50,9,6
2023-11-04,273,500,12,50,13,6
2023-11-05,439,500,8,50,14,6
2023-11-06,262,500,16,50,15,6
2023-11-07,415,500,21,50,11,6
2023-11-08,13,500,0,50,0,6
2023-11-09,717,500,90,50,14,6
2023-11-10,456,500,20,50,15,6
2023-11-11,663,500,66,50,15,6
2023-11-12,584,500,63,50,8,6
2023-11-13,779,500,72,50,13,6
2023-11-14,1231,500,111,50,15,6
2023-11-15,914,500,90,50,15,6
2023-11-16,875,500,41,50,21,6
2023-11-17,247,500,24,50,11,6
2023-11-18,837,500,71,50,14,6
2023-11-19,532,500,26,50,15,6
2023-11-20,8,500,1,50,1,6
2023-11-21,568,500,39,50,17,6
2023-11-22,695,500,67,50,14,6
2023-11-23,514,500,30,50,17,6
2023-11-24,486,500,60,50,5,6
2023-11-25,640,500,55,50,13,6
2023-11-26,538,500,30,50,16,6
2023-11-27,694,500,64,50,14,6
2023-11-28,378,500,21,50,13,6
2023-11-29,834,500,107,50,17,6
2023-11-30,390,500,25,50,11,6
2023-12-01,0,500,0,50,0,6
2023-12-02,864,500,80,50,14,6
2023-12-03,592,500,32,50,16,6
2023-12-04,0,500,0,50,0,6
2023-12-05,610,500,68,50,14,6
2023-12-06,243,500,8,50,12,6
2023-12-08,0,500,0,50,0,6
2023-12-09,822,500,68,50,15,6
2023-12-10,16,500,1,50,1,6
2023-12-11,0,500,0,50,0,6
2023-12-12,283,500,10,50,10,6
2023-12-13,705,500,70,50,16,6
2023-12-14,3,500,0,50,0,6
2023-12-15,213,500,3,50,7,6
2023-12-16,1001,500,99,50,18,6
2023-12-17,667,500,67,50,12,6
2023-12-18,849,500,84,50,15,6
2023-12-19,839,500,88,50,15,6
2023-12-20,580,500,72,50,10,6
2023-12-21,192,500,5,50,8,6
2023-12-22,346,500,19,50,13,6
2023-12-23,41,500,4,50,3,6
2023-12-24,0,500,0,50,0,6
2023-12-25,182,500,7,50,7,6
2023-12-26,575,500,32,50,15,6
2023-12-27,1,500,0,50,0,6
2023-12-28,487,500,30,50,15,6
2023-12-29,442,500,28,50,15,6
2023-12-30,380,500,17,50,13,6
2023-12-31,0,500,0,50,0,6
2024-01-01,203,500,11,50,9,6
2024-01-02,727,500,91,50,11,6
2024-01-03,808,500,81,50,15,6
2024-01-04,759,500,86,50,12,6
2024-01-05,688,500,85,50,5,6
2024-01-06,346,500,17,50,8,6
2024-01-07,854,500,75,50,13,6
2024-01-08,701,500,78,50,7,6
2024-01-09,778,500,70,50,13,6
2024-01-10,809,500,82,50,14,6
2024-01-11,32,500,1,50,3,6
2024-01-12,747,500,67,50,17,6
2024-01-13,120,500,8,50,4,6
2024-01-14,278,500,11,50,9,6
2024-01-15,355,500,16,50,11,6
2024-01-16,495,500,57,50,8,6
2024-01-17,0,500,0,50,0,6
2024-01-18,447,500,34,50,14,6
2024-01-19,344,500,25,50,8,6
2024-01-20,161,500,10,50,8,6
2024-01-21,777,500,53,50,14,6
2024-01-22,152,500,5,50,5,6
2024-01-23,0,500,0,50,0,6
2024-01-24,215,500,12,50,12,6
2024-01-25,61,500,3,50,2,6
2024-01-26,267,500,3,50,12,6
2024-01-27,341,500,9,50,10,6
2024-01-28,752,500,84,50,12,6
2024-01-29,359,500,19,50,17,6
2024-01-30,265,500,20,50,10,6
2024-01-31,576,500,62,50,12,6
2024-02-01,284,500,14,50,12,6
2024-02-02,628,500,70,50,9,6
2024-02-03,0,500,0,50,0,6
2024-02-04,596,500,59,50,13,6
2024-02-05,174,500,9,50,7,6
2024-02-06,351,500,31,50,13,6
2024-02-07,74,500,4,50,2,6
2024-02-10,0,500,0,50,0,6
2024-02-11,2,500,0,50,0,6
2024-02-12,289,500,15,50,14,6
2024-02-13,39,500,4,50,1,6
2024-02-14,0,500,0,50,0,6
2024-02-15,227,500,7,50,8,6
2024-02-16,171,500,7,50,8,6
2024-02-17,380,500,6,50,13,6
2024-02-18,345,500,23,50,12,6
2024-02-19,212,500,11,50,9,6
2024-02-20,0,500,0,50,0,6
2024-02-21,286,500,18,50,10,6
2024-02-22,96,500,5,50,4,6
2024-02-24,0,500,0,50,0,6
2024-02-25,375,500,24,50,14,6
2024-02-26,136,500,7,50,6,6
2024-02-27,0,500,0,50,0,6
2024-02-28,205,500,2,50,12,6
2024-02-29,507,500,35,50,14,6
2024-03-01,2,500,0,50,1,6
2024-03-02,562,500,36,50,14,6
2024-03-03,64,500,3,50,3,6
2024-03-04,0,500,0,50,0,6
2024-03-05,104,500,5,50,6,6
2024-03-06,372,500,24,50,11,6
2024-04-05,0,500,0,50,0,6
2024-04-06,294,500,9,50,11,6
2024-04-07,508,500,45,50,9,6
2024-04-08,852,500,54,50,16,6
2024-04-09,39,500,0,50,3,6
2024-04-10,700,500,39,50,13,6
2024-04-11,434,500,15,50,11,6
2024-04-14,0,500,0,50,0,6
2024-04-15,508,500,44,50,7,6
2024-04-16,433,500,49,50,8,6
2024-04-17,503,500,40,50,8,6
2024-04-18,678,500,77,50,12,6
2024-04-20,0,500,0,50,0,6
2024-04-21,397,500,13,50,12,6
2024-04-22,827,500,69,50,12,6
2024-04-30,0,500,0,50,0,6
2024-05-01,147,500,10,50,5,6
2024-05-02,333,500,18,50,16,6
2024-05-03,240,500,26,50,7,6
2024-05-04,406,500,33,50,12,6
2024-05-05,730,500,79,50,13,6
2024-05-06,667,500,53,50,11,6
2024-05-07,721,500,58,50,12,6
2024-05-08,346,500,17,50,15,6
2024-05-09,166,500,15,50,5,6
2024-05-10,0,500,0,50,0,6
2024-05-11,392,500,22,50,13,6
2024-05-12,419,500,32,50,12,6
2024-05-13,203,500,12,50,9,6
2024-05-14,332,500,28,50,14,6
2024-05-15,184,500,15,50,6,6
2024-05-16,0,500,0,50,0,6
2024-05-17,533,500,16,50,15,6
2024-05-18,219,500,17,50,6,6
2024-05-20,0,500,0,50,0,6
2024-05-21,408,500,17,50,13,6
2024-05-22,837,500,65,50,13,6
2024-05-23,730,500,55,50,15,6
2024-05-24,726,500,54,50,12,6
2024-05-25,3,500,0,50,0,6
2024-05-26,391,500,21,50,15,6
2024-05-27,133,500,10,50,8,6
2024-05-28,384,500,50,50,3,6
2024-05-29,815,500,67,50,16,6
2024-05-30,0,500,0,50,0,6
2024-05-31,456,500,29,50,17,6
2024-06-01,516,500,23,50,14,6
2024-06-02,237,500,15,50,7,6
2024-06-03,500,500,60,50,4,6
2024-06-04,786,500,75,50,11,6
2024-06-05,989,500,81,50,8,6
2024-06-06,1057,500,80,50,13,6
2024-06-07,72,500,3,50,5,6
2024-06-08,546,500,30,50,14,6
2024-06-09,0,500,0,50,0,6
2024-06-10,640,500,53,50,12,6
2024-06-11,481,500,34,50,14,6
2024-06-12,124,500,4,50,6,6
2024-06-13,790,500,83,50,14,6
2024-06-14,349,500,23,50,11,6
2024-06-15,572,500,53,50,9,6
2024-06-16,435,500,16,50,15,6
2024-06-17,56,500,1,50,4,6
2024-06-18,859,500,79,50,14,6
2024-06-19,692,500,66,50,10,6
2024-06-20,1143,500,122,50,16,6
2024-06-21,1056,500,95,50,13,6
2024-06-22,1067,500,94,50,9,6
2024-06-23,334,500,11,50,11,6
2024-06-24,984,500,86,50,9,6
2024-06-25,1032,500,78,50,15,6
2024-06-26,1067,500,87,50,11,6
2024-06-27,211,500,1,50,8,6
2024-06-28,285,500,17,50,7,6
2024-06-29,0,500,0,50,0,6
2024-06-30,395,500,22,50,15,6
2024-07-01,1101,500,83,50,15,6
2024-07-02,1174,500,89,50,14,6
2024-07-03,611,500,48,50,8,6
2024-07-04,785,500,79,50,18,6
2024-07-05,1163,500,93,50,12,6
2024-07-06,3,500,0,50,0,6
2024-07-07,1351,500,109,50,16,6
2024-07-08,941,500,121,50,12,6
2024-07-09,1121,500,93,50,16,6
2024-07-10,1158,500,93,50,13,6
2024-07-11,591,500,41,50,15,6
2024-07-12,765,500,74,50,16,6
2024-07-13,499,500,34,50,15,6
2024-07-14,775,500,81,50,16,6
2024-07-15,1229,500,93,50,12,6
2024-07-16,988,500,76,50,15,6
2024-07-17,7,500,0,50,0,6
2024-07-18,1218,500,94,50,17,6
2024-07-19,0,500,0,50,0,6
2024-07-20,770,500,64,50,14,6
2024-07-21,1059,500,101,50,7,6
2024-07-22,0,500,0,50,0,6
2024-07-23,655,500,54,50,11,6
2024-07-24,1212,500,88,50,15,6
2024-07-25,330,500,17,50,11,6
2024-07-26,667,500,54,50,15,6
2024-07-27,503,500,20,50,17,6
2024-07-28,202,500,12,50,6,6
2024-07-29,0,500,0,50,0,6
2024-07-30,1239,500,98,50,13,6
2024-07-31,0,500,0,50,0,6
2024-08-01,1178,500,96,50,16,6
2024-08-02,518,500,27,50,14,6
2024-08-03,479,500,32,50,13,6
2024-08-04,366,500,31,50,7,6
2024-08-05,648,500,69,50,14,6
2024-08-06,79,500,4,50,3,6
2024-08-08,0,500,0,50,0,6
2024-08-09,529,500,36,50,13,6
2024-08-10,454,500,57,50,8,6
2024-08-11,564,500,28,50,14,6
2024-08-12,911,500,82,50,5,6
2024-08-13,892,500,91,50,14,6
2024-08-14,1104,500,83,50,14,6
2024-08-15,0,500,0,50,0,6
2024-08-16,320,500,18,50,11,6
2024-08-17,337,500,15,50,7,6
2024-08-18,0,500,0,50,0,6
2024-08-19,872,500,90,50,14,6
2024-08-20,0,500,0,50,0,6
2024-08-21,738,500,69,50,13,6
2024-08-22,282,500,10,50,10,6
2024-08-23,18,500,1,50,1,6
2024-08-24,56,500,0,50,3,6
2024-08-25,964,500,81,50,14,6
2024-08-26,660,500,80,50,13,6
2024-08-27,1082,500,112,50,10,6
2024-08-28,237,500,23,50,6,6
2024-08-29,580,500,48,50,16,6
2024-08-30,0,500,0,50,0,6
2024-08-31,792,500,84,50,13,6
2024-09-01,117,500,8,50,3,6
2024-09-03,0,500,0,50,0,6
2024-09-04,82,500,5,50,3,6
2024-09-05,780,500,93,50,14,6
2024-09-06,326,500,26,50,8,6
2024-09-07,0,500,0,50,0,6
2024-09-15,0,500,0,50,0,6
2024-09-16,552,500,42,50,13,6
2024-09-17,82,500,8,50,2,6
2024-09-18,0,500,0,50,0,6
2024-09-19,876,500,86,50,14,6
2024-09-20,104,500,8,50,5,6
2024-09-21,0,500,0,50,0,6
2024-09-22,451,500,28,50,13,6
2024-09-23,148,500,6,50,7,6
2024-09-24,701,500,60,50,9,6
2024-09-25,151,500,5,50,5,6
2024-09-26,795,500,82,50,12,6
2024-09-27,47,500,2,50,1,6
2024-09-28,852,500,88,50,14,6
2024-09-29,441,500,23,50,11,6
2024-09-30,239,500,23,50,5,6
2024-10-03,0,500,0,50,0,6
2024-10-04,654,500,52,50,14,6
2024-10-05,422,500,55,50,8,6
2024-10-07,0,500,0,50,0,6
2024-10-08,764,500,73,50,16,6
2024-10-09,19,500,1,50,1,6
2024-10-10,0,500,0,50,0,6
2024-10-11,877,500,81,50,13,6
2024-10-12,53,500,3,50,4,6
2024-10-13,1066,500,120,50,14,6
2024-10-14,29,500,0,50,2,6
2024-10-16,0,500,0,50,0,6
2024-10-17,661,500,74,50,9,6
2024-10-18,136,500,8,50,5,6
2024-10-19,662,500,87,50,15,6
2024-10-20,56,500,1,50,4,6
2024-10-21,0,500,0,50,0,6
2024-10-22,637,500,65,50,14,6
2024-10-23,694,500,79,50,10,6
2024-10-24,834,500,90,50,15,6
2024-10-25,664,500,40,50,16,6
2024-10-26,3,500,0,50,1,6
2024-10-27,0,500,0,50,0,6
2024-10-28,327,500,17,50,14,6
2024-10-29,897,500,103,50,11,6
2024-10-30,646,500,67,50,16,6
2024-10-31,0,500,0,50,0,6
2024-11-01,628,500,60,50,15,6
2024-11-02,34,500,0,50,2,6
2024-11-04,0,500,0,50,0,6
2024-11-05,732,500,80,50,13,6
2024-11-06,681,500,65,50,13,6
2024-11-07,614,500,56,50,11,6
2024-11-08,517,500,63,50,7,6
2024-11-09,471,500,25,50,15,6
2024-11-10,401,500,27,50,10,6
2024-11-11,416,500,25,50,15,6
2024-11-12,404,500,42,50,5,6
2024-11-13,725,500,78,50,16,6
2024-11-14,890,500,76,50,15,6
2024-11-15,692,500,67,50,15,6
2024-11-16,31,500,1,50,4,6
2024-11-17,0,500,0,50,0,6
2024-11-18,654,500,57,50,13,6
2024-11-19,48,500,3,50,2,6
2024-11-20,293,500,18,50,13,6
2024-11-21,386,500,53,50,5,6
2024-11-22,453,500,23,50,15,6
2024-11-23,72,500,0,50,3,6
2024-11-24,0,500,0,50,0,6
2024-11-25,358,500,15,50,12,6
2024-11-26,10,500,0,50,1,6
2024-11-27,523,500,14,50,15,6
2024-11-28,557,500,38,50,16,6
2024-11-29,0,500,0,50,0,6
2024-11-30,308,500,13,50,11,6
2024-12-01,281,500,19,50,10,6
2024-12-03,0,500,0,50,0,6
2024-12-04,499,500,25,50,13,6
2024-12-05,48,500,1,50,3,6
2024-12-21,0,500,0,50,0,6
2024-12-22,1,500,0,50,0,6
2024-12-23,553,500,42,50,14,6
2024-12-24,124,500,1,50,3,6
2025-02-17,0,500,0,50,0,6
2025-02-18,456,500,44,50,2,6
2025-05-06,0,500,0,0,0,0
2025-05-07,123,500,0,0,0,0
2025-05-08,151,500,0,0,0,0
2025-05-09,158,500,0,0,0,0
2025-05-10,125,500,0,0,0,0
2025-05-11,160,500,0,0,0,0
2025-05-12,129,500,0,0,0,0
2025-05-13,2,500,0,0,0,0
2025-06-09,198,500,10,50,6,6
2025-06-10,890,500,134,50,16,6
2025-06-11,705,500,76,50,9,6
2025-06-12,869,500,106,50,16,6
2025-06-13,1095,500,124,50,16,6
2025-06-14,1106,500,124,50,17,6
2025-06-15,1031,500,96,50,10,6
2025-06-16,951,500,98,50,13,6
2025-06-17,592,500,83,50,11,6
2025-06-18,1141,500,152,50,14,6
2025-06-19,799,500,95,50,13,6
2025-06-20,1264,500,110,50,15,6
2025-06-21,887,500,106,50,16,6
2025-06-22,1038,500,100,50,16,6
2025-06-23,698,500,78,50,13,6
2025-06-24,1001,500,122,50,15,6
2025-06-25,1037,500,138,50,13,6
2025-06-26,1103,500,110,50,15,6
2025-06-27,933,500,82,50,16,6
2025-06-28,269,500,18,50,8,6
2025-06-29,1044,500,107,50,8,6
2025-06-30,771,500,84,50,15,6
2025-07-01,16,500,0,50,1,6
2025-07-02,1162,500,155,50,14,6
2025-07-03,699,500,73,50,14,6
2025-07-04,1002,500,97,50,14,6
2025-07-06,0,500,0,50,0,6
2025-07-07,722,500,58,50,11,6
2025-07-08,475,500,58,50,8,6
2025-07-09,902,500,88,50,15,6
2025-07-10,0,500,0,50,0,6
2025-07-11,1169,500,97,50,17,6
2025-07-12,7,500,0,50,0,6
2025-07-13,0,500,0,50,0,6
2025-07-14,859,500,80,50,15,6
2025-07-15,707,500,66,50,18,6
2025-07-16,535,500,71,50,5,6
2025-07-17,489,500,57,50,12,6
2025-07-18,1,500,0,50,0,6
2025-07-19,1221,500,121,50,16,6
2025-07-20,85,500,0,50,2,6
2025-07-21,527,500,65,50,8,6
2025-07-22,769,500,73,50,7,6
2025-07-23,606,500,64,50,13,6
2025-07-24,820,500,89,50,11,6
2025-07-25,8,500,0,50,0,6
2025-07-27,0,500,2,50,0,6
2025-07-28,1053,500,112,50,11,6
2025-07-29,464,500,59,50,9,6
2025-07-30,1188,500,150,50,15,6
2025-07-31,539,500,57,50,10,6
2025-08-02,0,500,0,50,0,6
2025-08-03,349,500,48,50,3,6
2025-08-04,1220,500,166,50,10,6
2025-08-05,723,500,85,50,16,6
2025-08-06,0,500,0,50,0,6
2025-08-07,639,500,37,50,14,6
2025-08-08,752,500,82,50,4,6
2025-08-09,9,500,1,50,0,6
2025-08-10,700,500,50,50,15,6
2025-08-11,861,500,78,50,11,6
2025-08-12,959,500,118,50,16,6
2025-08-13,1360,500,138,50,16,6
2025-08-14,834,500,85,50,17,6
2025-08-15,903,500,80,50,15,6
2025-08-16,928,500,85,50,7,6
2025-08-17,581,500,34,50,14,6
2025-08-18,8,500,4,50,0,6
2025-08-19,1220,500,102,50,13,6
2025-08-20,649,500,80,50,10,6
2025-08-21,1053,500,95,50,17,6
2025-08-22,16,500,0,50,1,6
2025-08-23,924,500,71,50,10,6
2025-08-24,1233,500,104,50,19,6
2025-08-25,468,500,79,50,8,6
2025-08-26,526,500,69,50,4,6
2025-08-27,458,500,65,50,7,6
2025-08-28,769,500,75,50,7,6
2025-08-29,633,500,59,50,12,6
2025-08-30,499,500,35,50,13,6
2025-08-31,65,500,3,50,3,6
2025-09-01,1123,500,95,50,14,6
2025-09-02,959,500,87,50,8,6
2025-09-03,107,500,11,50,3,6
2025-09-04,1011,500,97,50,16,6
2025-09-05,644,500,74,50,12,6
2025-09-07,0,500,0,50,0,6
2025-09-08,568,500,67,50,14,6
2025-09-09,1266,500,107,50,14,6
2025-09-10,607,500,61,50,11,6
2025-09-11,1151,500,96,50,14,6
2025-09-12,767,500,82,50,16,6
2025-09-13,0,500,0,50,0,6
2025-09-14,0,500,0,50,0,6
2025-09-15,635,500,64,50,15,6
2025-09-16,505,500,39,50,16,6
2025-09-17,1097,500,99,50,11,6
2025-09-18,847,500,98,50,16,6
2025-09-19,1086,500,85,50,10,6
2025-09-20,0,500,0,50,1,6
2025-09-21,0,500,0,50,0,6
2025-09-22,840,500,83,50,17,6
2025-09-23,1005,500,91,50,11,6
2025-09-24,11,500,0,50,0,6
2025-09-25,683,500,69,50,15,6
2025-09-26,1227,500,181,50,12,6
2025-09-28,0,500,0,50,0,6
2025-09-29,586,500,64,50,10,6
2025-09-30,593,500,31,50,15,6
2025-10-01,1172,500,93,50,14,6
2025-10-02,649,500,66,50,16,6
2025-10-03,5,500,0,50,0,6
2025-10-05,7,500,3,50,0,6
2025-10-06,535,500,60,50,8,6
2025-10-07,446,500,64,50,9,6
2025-10-08,1194,500,152,50,15,6
2025-10-09,911,500,89,50,10,6
2025-10-10,392,500,28,50,12,6
2025-10-11,1091,500,83,50,12,6
2025-10-12,541,500,65,50,12,6
2025-10-13,103,500,6,50,4,6
2025-10-14,1034,500,81,50,14,6
2025-10-15,1128,500,187,50,14,6
2025-10-16,679,500,69,50,14,6
2025-10-17,1138,500,111,50,13,6
2025-10-18,382,500,25,50,15,6
2025-10-19,479,500,29,50,10,6
2025-10-20,780,500,86,50,13,6
2025-10-21,1518,500,130,50,14,6
2025-10-22,1099,500,121,50,16,6
2025-10-23,1228,500,128,50,16,6
2025-10-24,514,500,58,50,10,6
2025-10-25,595,500,46,50,16,6
2025-10-26,941,500,108,50,14,6
2025-10-27,862,500,86,50,14,6
2025-10-28,13,500,1,50,0,6
2025-10-29,679,500,99,50,10,6
2025-10-30,1311,500,171,50,16,6
2025-10-31,776,500,79,50,16,6
2025-11-01,560,500,87,50,9,6
2025-11-02,862,500,80,50,13,6
2025-11-03,1168,500,115,50,16,6
2025-11-04,1035,500,114,50,14,6
2025-11-05,769,500,66,50,16,6
2025-11-06,657,500,69,50,16,6
2025-11-07,1183,500,111,50,15,6
2025-11-08,13,500,1,50,1,6
2025-11-09,421,500,17,50,12,6
2025-11-10,6,500,0,50,0,6
2025-11-11,0,500,0,50,0,6
2025-11-12,1021,500,126,50,15,6
2025-11-13,671,500,57,50,14,6
2025-11-14,1037,500,126,50,16,6
2025-11-15,6,500,0,50,0,6
2025-11-16,0,500,0,50,0,6
2025-11-17,493,500,38,50,15,6
2025-11-18,3,500,0,50,0,6
2025-11-19,400,500,26,50,16,6
2025-11-21,0,500,0,50,0,6
2025-11-22,517,500,21,50,12,6
2025-11-27,0,500,0,50,0,6
2025-11-28,98,500,16,50,2,6
2025-11-29,0,500,0,50,0,6
2025-11-30,633,500,82,50,13,6
2025-12-01,867,500,84,50,17,6
2025-12-02,627,500,69,50,13,6
2025-12-03,797,500,91,50,16,6
2025-12-04,723,500,79,50,15,6
2025-12-05,945,500,85,50,14,6
2025-12-06,44,500,1,50,3,6
2025-12-07,582,500,42,50,13,6
2025-12-08,899,500,79,50,13,6
2025-12-09,844,500,88,50,16,6
2025-12-10,140,500,3,50,7,6
2025-12-11,797,500,92,50,12,6
2025-12-12,1189,500,107,50,17,6
2025-12-13,48,500,2,50,3,6
2025-12-14,0,500,0,50,0,6
2025-12-15,799,500,86,50,13,6
2025-12-16,805,500,85,50,15,6
2025-12-17,1032,500,181,50,12,6
2025-12-18,631,500,66,50,13,6
2025-12-19,1006,500,90,50,16,6
2025-12-21,0,500,0,50,0,6
2025-12-22,763,500,69,50,12,6
2025-12-23,748,500,73,50,13,6
2025-12-24,16,500,1,50,1,6
2025-12-30,0,500,0,50,0,6
2025-12-31,0,500,0,50,0,6
2026-01-04,0,500,0,50,0,6
2026-01-05,910,500,110,50,13,6
2026-01-06,1087,500,132,50,13,6
2026-01-07,939,500,103,50,14,6
2026-01-08,383,500,25,50,14,6
2026-01-09,903,500,85,50,15,6
2026-01-10,378,500,20,50,15,6
2026-01-11,24,500,0,50,2,6
2026-01-12,788,500,75,50,13,6
2026-01-13,796,500,88,50,16,6
2026-01-14,4,500,0,50,0,6
2026-01-15,1044,500,166,50,12,6
2026-01-16,815,500,95,50,15,6
2026-01-17,1026,500,81,50,14,6
2026-01-18,451,500,24,50,13,6
2026-01-19,939,500,110,50,15,6
2026-01-20,1017,500,103,50,13,6
2026-01-21,913,500,107,50,14,6
2026-01-22,0,500,0,50,0,6
2026-01-23,914,500,119,50,14,6
2026-01-24,4,500,2,50,0,6
2026-01-25,746,500,96,50,14,6
2026-01-26,730,500,91,50,16,6
2026-01-27,952,500,90,50,14,6
2026-01-28,1063,500,154,50,17,6
2026-01-29,1017,500,159,50,13,6
