date,calcium_mg,calories,carbs_g,cholesterol_mg,fat_g,fiber_g,iron_mg,mono_fat_g,poly_fat_g,potassium_mg,protein_g,sat_fat_g,sodium_mg,sugar_g,vitamin_c_mg
2017-02-07,0.0,72.0,6.3,10.0,2.4,0.0,0.0,0.0,0.0,0.0,4.0,0.0,50.0,6.0,0.0
2017-02-08,76.2,1426.1,86.9,334.8,97.9,21.8,5.1,30.3,7.4,1672.6,56.6,45.5,1716.8,37.1,42.6
2017-02-09,459.2,2423.3,207.3,408.0,108.7,43.3,10.8,29.0,7.3,2533.0,136.4,38.9,4450.8,51.5,50.9
2017-02-10,320.4,2072.7,207.0,369.5,84.2,23.6,10.4,13.9,6.7,1876.2,83.3,17.6,3702.0,19.8,117.0
2017-02-11,1166.0,4187.6,340.7,723.7,141.4,37.6,21.8,13.2,7.4,3028.8,225.8,61.6,3564.8,141.8,252.8
2017-02-12,491.5,1781.4,130.5,292.0,102.8,31.5,6.7,34.1,8.9,2423.7,77.2,30.1,2082.9,68.7,110.1
2017-02-13,790.8,2412.7,187.5,320.0,98.7,40.6,8.8,40.8,19.9,2812.3,93.5,40.4,2828.8,68.6,450.0
2017-02-14,572.4,2429.6,179.8,573.0,107.5,40.9,10.7,38.2,9.2,3321.7,105.3,39.1,1910.4,40.2,73.5
2017-02-15,1101.5,2678.5,209.8,276.8,126.4,37.8,7.1,47.3,15.4,2289.7,137.7,50.9,2970.9,123.6,178.4
2017-02-16,1237.8,2936.3,272.3,150.2,124.7,51.1,8.3,22.9,7.8,2681.3,144.5,20.1,5681.0,97.9,482.0
2017-02-17,89.3,3309.7,301.0,493.8,129.0,9.8,3.3,18.7,5.3,659.0,105.4,27.3,4426.8,51.2,32.3
2017-02-18,1207.5,3184.6,339.2,648.0,96.4,64.6,37.4,13.9,3.2,4692.4,210.6,38.4,4568.2,167.0,282.0
2017-02-19,1205.0,1980.0,192.0,316.0,105.6,39.9,7.9,39.5,13.0,4432.0,77.2,48.0,2193.7,101.6,405.0
2017-02-20,611.0,2326.8,218.6,457.0,101.8,43.9,11.0,38.2,11.3,3747.4,136.9,30.3,3244.6,83.3,148.2
2017-02-21,708.9,2142.1,253.7,380.4,92.6,43.4,22.1,24.5,7.0,3729.9,85.6,26.9,3468.0,152.6,223.8
2017-02-22,554.0,2048.6,146.7,537.8,101.2,26.6,6.2,21.5,5.9,1652.3,101.0,27.1,2651.5,38.4,115.2
2017-02-23,1284.5,3305.3,283.3,831.8,134.2,35.7,14.0,25.4,8.2,4635.1,109.4,37.4,3511.5,177.8,121.3
2017-02-24,268.5,4457.0,488.6,927.3,166.3,39.1,11.4,28.7,10.8,2625.3,202.8,49.9,6104.0,188.2,34.7
2017-02-25,799.0,2872.2,287.5,552.4,121.9,22.2,11.5,15.4,6.6,1038.2,131.2,40.3,4599.7,168.6,58.4
2017-02-26,594.9,2071.2,237.2,324.2,106.2,55.6,11.9,33.4,9.9,5141.9,69.9,32.6,3138.6,81.5,268.4
2017-02-27,97.8,1999.8,146.0,386.8,96.6,24.3,9.1,37.9,9.6,1852.7,94.2,38.3,2948.0,83.7,52.3
2017-02-28,516.0,2570.7,211.8,297.1,135.0,50.9,9.1,57.8,18.9,3738.3,116.0,38.8,2649.1,92.2,63.4
2017-03-01,734.0,2315.6,229.0,403.8,120.3,49.9,10.9,27.1,7.5,3369.1,104.3,54.7,2723.1,118.9,150.3
2017-03-02,1260.6,2578.0,322.2,162.3,82.3,55.8,19.7,23.3,8.3,5110.5,155.6,17.9,5412.0,166.2,639.2
2017-03-03,730.7,3814.7,300.1,290.0,127.1,46.8,12.7,29.9,9.2,2666.4,163.6,16.3,5680.5,71.6,68.2
2017-03-04,1156.5,4468.4,453.9,721.5,113.4,29.9,15.4,11.0,2.9,1856.0,192.3,45.8,4773.1,145.2,126.9
2017-03-05,160.0,1293.6,127.3,390.0,77.3,14.3,3.1,15.2,4.0,544.2,47.1,13.0,2414.0,35.8,24.0
2017-03-06,561.5,3378.4,331.6,135.2,137.6,36.4,11.7,36.8,12.1,2632.4,182.2,37.5,4461.3,155.0,80.3
2017-03-07,220.2,3539.8,259.1,474.0,119.2,3.7,8.7,0.0,4.1,858.7,145.6,40.7,1479.7,44.2,7.9
2017-03-08,0.0,2470.0,298.6,0.0,77.3,29.0,0.0,0.0,0.0,0.0,97.6,22.4,440.0,40.2,0.0
2017-03-13,239.9,434.1,34.4,52.2,17.3,2.0,2.1,2.5,0.5,108.0,24.2,8.1,909.6,6.3,12.0
2017-03-14,553.2,1464.8,151.0,61.0,77.5,42.3,10.9,20.7,15.1,2706.4,54.0,24.6,1487.7,75.5,43.8
2017-03-15,1073.2,2294.2,266.4,74.0,95.7,53.9,13.6,19.5,7.6,3455.0,115.7,22.7,4372.2,128.6,208.0
2017-03-16,1241.8,2053.3,220.1,167.5,79.6,50.5,15.2,23.1,9.5,3657.8,125.6,22.8,3626.2,87.4,87.5
2017-03-17,1111.6,3897.2,357.3,797.4,176.5,22.6,10.9,20.9,6.6,1524.9,197.7,68.3,5611.9,186.8,123.4
2017-03-18,636.5,2686.4,277.0,733.1,97.2,33.2,10.5,8.4,2.1,764.0,169.5,37.8,5790.3,96.3,123.6
2017-03-19,501.5,1226.3,130.5,272.0,61.5,33.2,7.4,28.7,7.3,3011.8,49.1,15.0,2136.6,62.2,54.6
2017-03-20,4308.9,3296.8,329.3,438.0,142.6,66.3,12.3,52.5,16.1,5756.7,171.7,45.1,4318.0,162.3,147.1
2017-03-21,727.5,2355.2,242.2,463.2,90.7,51.6,13.1,29.2,10.1,4656.7,129.5,27.1,3631.6,107.5,62.8
2017-03-22,3844.6,2438.6,235.2,433.8,114.9,49.7,9.7,38.7,11.4,4316.0,133.5,42.5,4367.6,98.8,60.9
2017-03-23,501.1,2523.5,256.4,388.2,107.0,36.9,14.4,16.0,8.7,3868.8,167.9,36.8,5273.9,128.2,74.4
2017-03-24,1120.5,3217.1,302.1,657.2,149.4,16.6,10.1,25.2,9.2,2891.7,152.3,77.7,2703.4,193.3,45.3
2017-03-25,688.5,3316.7,360.6,703.4,132.9,40.1,8.4,0.1,0.6,2454.0,191.5,35.9,7047.8,70.4,209.1
2017-03-26,654.4,2260.6,180.0,471.6,123.4,45.4,9.3,38.5,9.7,4099.8,126.8,44.9,2357.5,80.4,184.6
2017-03-27,1333.7,2471.8,204.9,388.2,144.4,45.0,8.0,30.1,8.1,4080.2,157.1,45.8,2352.6,91.4,456.7
2017-03-28,532.6,2158.0,195.7,467.8,96.3,51.8,11.7,30.1,8.1,3570.3,137.9,33.8,4908.6,79.0,261.5
2017-03-29,0.0,3193.8,490.9,0.0,82.4,0.0,0.0,0.0,0.0,0.0,117.6,40.8,5512.0,186.1,0.0
2017-03-31,122.5,1196.3,103.2,536.5,60.0,5.8,8.9,8.7,4.0,1340.5,65.3,31.6,1607.4,24.2,24.1
2017-04-02,811.5,1451.9,171.4,548.0,66.4,29.9,8.5,19.0,5.8,3318.4,52.6,22.8,2208.1,79.2,57.0
2023-06-20,271.9,1999.8,92.0,164.9,144.5,19.7,7.4,9.0,1.5,887.9,145.2,6.2,3436.4,5.5,91.9
2023-06-21,681.0,2128.1,138.2,273.3,115.1,26.1,21.2,4.7,0.2,2339.5,166.8,19.7,4640.1,17.0,95.0
2023-06-22,535.7,2420.2,161.8,247.4,139.7,20.5,9.0,12.1,1.3,1165.6,160.1,6.3,3749.3,12.1,106.5
2023-06-23,751.4,2080.2,143.0,239.1,55.9,16.4,2.4,12.0,1.8,1226.8,70.2,26.7,2084.5,71.6,0.0
2023-06-24,322.0,2902.2,188.9,360.5,106.1,4.1,7.4,4.8,6.2,988.8,130.2,25.9,1452.0,68.2,2.8
2023-06-25,222.5,2090.5,173.0,223.0,87.8,6.0,7.9,15.6,8.0,1247.0,156.9,16.1,3055.0,62.3,28.8
2023-06-26,446.1,2333.0,143.0,473.3,128.4,28.6,24.2,48.7,4.1,1959.0,201.7,47.7,2726.0,26.7,106.4
2023-06-27,462.2,1626.1,142.2,271.7,51.3,18.8,14.7,15.7,1.1,1345.3,126.7,17.4,2977.4,77.5,26.1
2023-06-28,775.0,2671.7,213.7,312.3,93.5,18.5,9.8,11.1,4.6,1762.7,127.0,28.7,4314.1,84.2,12.0
2023-06-29,252.6,2363.6,168.0,205.0,76.5,10.0,7.6,0.0,0.0,839.6,133.6,24.5,4766.2,53.2,0.0
2023-06-30,155.8,2566.6,151.7,330.0,81.6,7.8,3.5,17.4,7.6,1356.4,137.4,26.4,2885.8,19.4,12.2
2023-07-01,462.0,2532.6,206.7,401.1,130.3,14.6,12.0,19.6,8.5,1006.5,86.7,54.8,1975.8,71.1,22.1
2023-07-02,975.5,2938.4,257.5,336.1,153.0,27.0,9.3,6.7,1.1,1456.7,133.1,63.7,1896.5,112.9,7.2
2023-07-03,278.7,915.7,106.0,141.3,29.5,23.9,5.0,4.7,0.3,1841.9,61.2,6.8,746.4,43.3,79.7
2023-07-04,208.3,1374.6,164.0,183.5,27.8,16.4,3.0,4.7,0.1,667.9,117.7,8.0,3231.7,84.6,71.4
2023-07-05,263.3,1217.6,116.4,319.1,33.6,23.9,5.0,6.7,2.1,1484.0,112.8,8.8,3627.9,43.8,40.5
2023-07-06,1351.0,2635.5,399.1,297.1,69.5,35.8,13.4,8.6,1.0,1334.8,120.8,25.8,1793.5,172.4,11.2
2023-07-07,611.7,1520.0,93.7,310.0,82.7,17.3,6.2,4.7,0.0,654.7,92.0,36.8,1926.6,9.3,0.0
2023-07-09,320.0,2066.0,259.5,182.5,80.0,17.5,3.6,0.0,0.0,0.0,92.0,28.0,1624.8,113.8,7.2
2023-07-10,424.3,1077.5,84.9,183.3,52.4,17.7,3.9,4.8,1.0,1873.8,63.0,17.0,393.4,8.9,23.2
2023-07-11,470.0,913.7,93.0,174.3,40.0,15.0,1.9,4.7,0.0,466.7,46.0,2.7,1894.7,16.0,0.0
2023-07-12,848.7,1716.7,261.0,174.3,52.6,31.9,8.2,11.7,3.3,1021.9,63.0,4.7,2170.2,121.3,26.9
2023-07-13,825.6,1962.5,258.0,273.3,66.8,27.3,12.7,8.3,2.2,1693.6,112.0,13.5,1105.5,124.1,21.6
2023-07-14,250.0,990.7,93.9,138.3,38.2,11.5,5.5,4.9,0.4,528.7,58.8,10.9,1479.1,6.8,0.0
2023-07-15,370.2,3071.9,193.8,120.8,78.3,9.5,6.3,4.7,0.0,1769.9,87.4,15.2,768.1,37.0,0.9
2023-07-16,891.7,1916.5,138.8,674.7,74.0,19.0,15.3,10.3,2.4,2976.7,165.4,31.8,5024.6,57.7,63.6
2023-07-17,124.1,750.1,44.0,118.5,20.0,2.0,1.5,5.8,1.0,931.5,105.4,7.2,1533.7,1.0,0.8
2023-07-18,481.6,1957.4,158.5,333.3,98.4,20.8,7.6,38.6,13.8,3328.2,111.1,41.9,3300.4,46.7,54.5
2023-07-19,815.0,1624.0,179.0,125.0,61.1,19.0,13.1,0.0,0.0,1012.0,89.1,26.0,2560.0,35.0,6.0
2023-07-20,182.6,1512.8,149.1,137.5,64.1,16.7,3.2,0.1,0.2,1122.4,88.8,16.7,1960.0,21.3,12.2
2023-07-25,120.0,976.0,74.0,60.0,44.5,2.0,0.4,0.0,0.0,130.0,62.0,1.0,1370.0,4.0,0.0
2023-07-26,120.0,250.0,22.0,60.0,3.5,2.0,0.4,0.0,0.0,130.0,34.0,1.0,1370.0,4.0,0.0
2023-07-30,552.0,1988.9,108.5,275.1,98.6,20.0,5.6,5.5,0.2,1031.5,137.1,32.4,2338.7,24.7,59.3
2023-07-31,388.9,664.0,37.5,38.2,36.1,13.8,2.6,15.0,3.1,1290.4,55.1,7.8,356.9,16.9,84.4
2023-08-01,290.0,886.0,70.0,30.0,37.7,1.0,3.4,0.0,0.0,530.0,69.2,18.0,660.0,12.0,28.8
2023-08-02,100.0,1375.0,95.0,10.0,62.2,3.0,1.1,2.0,0.5,224.0,107.5,30.8,225.0,9.0,0.0
2023-08-03,565.7,1556.8,171.1,95.4,66.0,19.5,6.0,4.2,1.2,1782.1,89.6,14.1,2041.9,96.8,52.8
2023-08-04,283.5,2182.0,143.0,90.0,44.1,11.9,5.8,6.4,3.9,1478.5,60.0,14.1,637.5,57.0,31.5
2023-08-05,50.0,1032.0,40.0,287.0,65.5,3.0,9.0,0.0,0.0,250.0,85.0,14.5,1763.0,7.0,6.0
2023-08-09,120.0,1329.0,114.4,90.0,61.1,17.0,4.0,0.2,0.2,520.0,88.4,6.0,2798.0,38.0,61.2
2023-08-10,259.4,1025.9,95.7,19.0,38.3,14.5,3.4,4.8,4.3,1585.1,81.8,4.2,713.0,48.8,131.6
2023-08-11,180.0,1929.5,106.6,70.0,34.0,17.0,9.0,0.0,0.0,1232.5,61.5,6.5,1670.0,16.6,0.0
2023-08-12,655.7,2933.5,309.0,147.7,133.5,30.0,11.2,6.6,0.5,788.7,124.8,53.7,3576.6,91.3,0.0
2023-08-13,613.0,1933.4,181.1,16.8,63.1,1.6,4.3,2.5,0.9,1418.0,60.7,20.1,742.3,37.8,13.6
2023-08-14,551.4,1531.7,88.4,131.5,89.9,21.2,4.5,28.6,4.1,2247.6,126.6,13.6,683.4,16.3,52.3
2023-08-15,226.4,1789.6,133.0,190.0,101.4,18.6,7.5,35.1,12.9,2237.5,90.7,29.0,1913.0,23.6,105.9
2023-08-16,120.0,1450.0,162.0,130.0,54.0,22.0,1.4,0.0,0.0,250.0,81.0,9.5,3170.0,21.0,0.0
2023-08-17,397.0,2010.5,213.8,190.0,80.3,24.6,9.9,26.1,11.2,3089.5,107.0,21.1,2110.5,61.3,126.0
2023-08-18,355.0,2389.5,144.6,104.0,59.5,5.0,7.1,6.4,3.5,1435.5,70.8,19.3,1144.0,23.6,0.0
2023-08-19,124.0,2220.0,246.8,38.0,89.9,19.6,1.8,0.0,0.0,990.0,101.2,31.7,1120.8,10.4,1.1
2023-08-20,215.0,1816.0,212.5,15.0,70.2,41.0,1.4,0.0,0.0,790.0,104.1,30.6,2611.0,18.0,0.0
2023-08-21,443.4,1559.2,174.0,130.2,44.5,45.0,9.9,2.1,1.7,642.4,133.5,11.6,1133.6,4.0,13.2
2023-08-22,228.2,1501.6,104.8,227.6,64.6,22.2,8.4,10.0,2.3,1882.2,130.7,15.8,3598.2,18.0,7.2
2023-08-23,284.0,1333.0,73.0,100.0,37.0,13.0,1.6,0.0,0.0,1049.0,68.0,9.0,450.0,8.0,0.0
2023-08-24,1804.7,1736.7,186.4,325.0,81.3,22.2,10.3,9.2,1.8,2043.4,165.4,22.4,3427.8,59.3,25.9
2023-08-25,353.0,2393.0,181.3,155.0,80.4,24.4,3.7,17.4,7.4,685.0,88.9,26.8,2102.9,37.8,0.0
2023-08-26,237.2,3121.4,264.5,240.0,101.3,15.0,2.9,17.4,7.4,2036.6,104.5,38.7,4524.2,18.2,0.0
2023-08-27,128.8,2823.6,135.4,295.0,141.6,7.0,0.1,0.0,0.0,324.4,116.1,51.0,2823.8,14.0,0.0
2023-08-28,697.2,1534.3,162.1,164.0,64.1,35.9,6.4,12.4,9.7,2742.4,116.7,19.7,7710.0,36.6,22.2
2023-08-29,399.0,1352.0,105.0,139.0,55.2,57.6,1.4,0.0,0.0,314.0,130.4,21.3,7960.0,2.0,0.0
2023-08-30,295.0,1450.0,158.0,150.0,52.0,21.0,1.1,0.0,0.0,220.0,95.0,26.0,2250.0,11.0,0.0
